{"cameraMode":{"drawMode":0,"name":"Shaded","section":"Shading Mode"},"sceneLighting":false,"audioPlay":false,"sceneViewState":{"m_AlwaysRefresh":false,"showFog":true,"showSkybox":false,"showFlares":true,"showImageEffects":true,"showParticleSystems":true,"showVisualEffectGraphs":true,"m_FxEnabled":true},"in2DMode":false,"pivot":{"x":0.09483522176742554,"y":0.07281231880187988,"z":-0.18494784832000733},"rotation":{"x":0.1803438663482666,"y":-0.07075788080692291,"z":0.013006583787500859,"w":0.980983555316925},"size":0.8660253882408142,"orthographic":false}