{"cameraMode":{"drawMode":0,"name":"Shaded","section":"Shading Mode"},"sceneLighting":true,"audioPlay":false,"sceneViewState":{"m_AlwaysRefresh":false,"showFog":true,"showSkybox":true,"showFlares":true,"showImageEffects":true,"showParticleSystems":true,"showVisualEffectGraphs":true,"m_FxEnabled":true},"in2DMode":false,"pivot":{"x":33.76930618286133,"y":11.330185890197754,"z":14.217674255371094},"rotation":{"x":0.033281948417425159,"y":0.038965798914432529,"z":-0.0012638337211683393,"w":0.9987528324127197},"size":16.958812713623048,"orthographic":false}