{"cameraMode":{"drawMode":0,"name":"Shaded","section":"Shading Mode"},"sceneLighting":true,"audioPlay":false,"sceneViewState":{"m_AlwaysRefresh":false,"showFog":true,"showSkybox":true,"showFlares":true,"showImageEffects":true,"showParticleSystems":true,"showVisualEffectGraphs":true,"m_FxEnabled":true},"in2DMode":false,"pivot":{"x":60.89406204223633,"y":10.156242370605469,"z":-37.272491455078128},"rotation":{"x":0.1446789801120758,"y":-0.022771762683987619,"z":-0.0036201574839651586,"w":-0.9895004630088806},"size":16.718441009521486,"orthographic":false}