{"cameraMode":{"drawMode":0,"name":"Shaded","section":"Shading Mode"},"sceneLighting":true,"audioPlay":false,"sceneViewState":{"m_AlwaysRefresh":false,"showFog":true,"showSkybox":true,"showFlares":true,"showImageEffects":true,"showParticleSystems":true,"showVisualEffectGraphs":true,"m_FxEnabled":true},"in2DMode":false,"pivot":{"x":35.55610275268555,"y":53.80100631713867,"z":18.544694900512697},"rotation":{"x":0.12085089087486267,"y":-0.039252229034900668,"z":-0.004888366907835007,"w":-0.9923372268676758},"size":16.617080688476564,"orthographic":false}