{"cameraMode":{"drawMode":0,"name":"Shaded","section":"Shading Mode"},"sceneLighting":true,"audioPlay":false,"sceneViewState":{"m_AlwaysRefresh":false,"showFog":true,"showSkybox":true,"showFlares":true,"showImageEffects":true,"showParticleSystems":true,"showVisualEffectGraphs":true,"m_FxEnabled":true},"in2DMode":false,"pivot":{"x":108.07095336914063,"y":25.424083709716798,"z":-4.167016983032227},"rotation":{"x":-0.13929209113121034,"y":0.20292028784751893,"z":-0.029401257634162904,"w":-0.9690687656402588},"size":16.718441009521486,"orthographic":false}