{"cameraMode":{"drawMode":0,"name":"Shaded","section":"Shading Mode"},"sceneLighting":true,"audioPlay":false,"sceneViewState":{"m_AlwaysRefresh":false,"showFog":true,"showSkybox":true,"showFlares":true,"showImageEffects":true,"showParticleSystems":true,"showVisualEffectGraphs":true,"m_FxEnabled":true},"in2DMode":false,"pivot":{"x":-3.0929133892059328,"y":-13.972233772277832,"z":17.16685676574707},"rotation":{"x":0.24820366501808167,"y":0.005813571624457836,"z":-0.0014661422464996577,"w":0.9687698483467102},"size":16.958812713623048,"orthographic":false}