{"cameraMode":{"drawMode":0,"name":"Shaded","section":"Shading Mode"},"sceneLighting":true,"audioPlay":false,"sceneViewState":{"m_AlwaysRefresh":false,"showFog":true,"showSkybox":true,"showFlares":true,"showImageEffects":true,"showParticleSystems":true,"showVisualEffectGraphs":true,"m_FxEnabled":true},"in2DMode":false,"pivot":{"x":87.58075714111328,"y":34.728633880615237,"z":-38.172569274902347},"rotation":{"x":-0.08098062872886658,"y":-0.27507027983665469,"z":0.023232070729136468,"w":-0.9582048058509827},"size":16.617080688476564,"orthographic":false}