{"cameraMode":{"drawMode":0,"name":"Shaded","section":"Shading Mode"},"sceneLighting":false,"audioPlay":false,"sceneViewState":{"m_AlwaysRefresh":false,"showFog":true,"showSkybox":false,"showFlares":true,"showImageEffects":true,"showParticleSystems":true,"showVisualEffectGraphs":true,"m_FxEnabled":true},"in2DMode":false,"pivot":{"x":-3.8836066722869875,"y":1.6131588220596314,"z":1.872158408164978},"rotation":{"x":0.08976329863071442,"y":0.26701414585113528,"z":-0.02499007247388363,"w":0.9592122435569763},"size":2.473071813583374,"orthographic":false}